{"count":1,"self":2871.7314048,"total":3657.4403773999998,"children":{"InitializeActuators":{"count":5,"self":0.0019955999999999997,"total":0.0019955999999999997,"children":null},"InitializeSensors":{"count":5,"self":0.0019947999999999997,"total":0.0019947999999999997,"children":null},"AgentSendState":{"count":200767,"self":1.3285033,"total":12.6758323,"children":{"CollectObservations":{"count":200770,"self":6.1449416,"total":6.1449416999999995,"children":null},"WriteActionMask":{"count":200770,"self":0.18698579999999998,"total":0.18698579999999998,"children":null},"RequestDecision":{"count":200770,"self":0.7114034,"total":5.0154014999999994,"children":{"AgentInfo.ToProto":{"count":200770,"self":0.8469072,"total":4.3039980999999994,"children":{"GenerateSensorData":{"count":200770,"self":3.4570908,"total":3.4570909,"children":null}}}}}}},"DecideAction":{"count":200767,"self":768.49909759999991,"total":768.49911739999993,"children":null},"AgentAct":{"count":200767,"self":4.4433384,"total":4.4473307,"children":{"AgentInfo.ToProto":{"count":65,"self":0,"total":0.0039921,"children":{"GenerateSensorData":{"count":65,"self":0.0039921,"total":0.0039921,"children":null}}}}},"AgentInfo.ToProto":{"count":1792,"self":0.0189482,"total":0.0807847,"children":{"GenerateSensorData":{"count":1792,"self":0.061836499999999996,"total":0.061836499999999996,"children":null}}}},"gauges":{"AutoFlight.CumulativeReward":{"count":1857,"max":4608.658,"min":-85277.31,"runningAverage":-1238.35864,"value":112.518219,"weightedAverage":-254.6022}},"metadata":{"timer_format_version":"0.1.0","start_time_seconds":"1636980496","unity_version":"2020.3.8f1","command_line_arguments":"C:\\Program Files\\Unity\\Hub\\Editor\\2020.3.8f1\\Editor\\Unity.exe -projectpath C:\/Users\/Lab506\/Desktop\/Graduation_Project\/AutoFlight -useHub -hubIPC -cloudEnvironment production -hubSessionId 64395a60-4560-11ec-ba9a-551a760f8c47 -accessToken FkzbcJs0s846KszdRHTt0QtOBTEX0Fw_zMvv0LwOvx000df","communication_protocol_version":"1.5.0","com.unity.ml-agents_version":"2.1.0-exp.1","scene_name":"LearningScene5","end_time_seconds":"1636984153"}}