{"count":1,"self":590.6692608,"total":6946.0262392999994,"children":{"InitializeActuators":{"count":20,"self":0.0029919,"total":0.0029919,"children":null},"InitializeSensors":{"count":20,"self":0.002992,"total":0.002992,"children":null},"AgentSendState":{"count":875584,"self":8.2291328,"total":90.0073748,"children":{"CollectObservations":{"count":3502340,"self":43.6607968,"total":43.6607966,"children":null},"WriteActionMask":{"count":3502340,"self":1.2388214,"total":1.2388214,"children":null},"RequestDecision":{"count":3502340,"self":5.3197247999999995,"total":36.8786244,"children":{"AgentInfo.ToProto":{"count":3502340,"self":5.826218,"total":31.558899399999998,"children":{"GenerateSensorData":{"count":3502340,"self":25.7326816,"total":25.7326814,"children":null}}}}}}},"DecideAction":{"count":875584,"self":6232.3208191999993,"total":6232.3207469,"children":null},"AgentAct":{"count":875584,"self":32.491644799999996,"total":32.491645999999996,"children":null},"AgentInfo.ToProto":{"count":21917,"self":0.11857759999999999,"total":0.5302154,"children":{"GenerateSensorData":{"count":21917,"self":0.4116378,"total":0.4116378,"children":null}}}},"gauges":{"AutoFlight.CumulativeReward":{"count":21917,"max":10236.5859,"min":-247.750244,"runningAverage":6145.05859,"value":9984.933,"weightedAverage":9965.044}},"metadata":{"timer_format_version":"0.1.0","start_time_seconds":"1636648191","unity_version":"2020.3.8f1","command_line_arguments":"C:\\Program Files\\Unity\\Hub\\Editor\\2020.3.8f1\\Editor\\Unity.exe -projectpath C:\/Users\/JoSihun\/Desktop\/Graduation_Project\/AutoFlight -useHub -hubIPC -cloudEnvironment production -hubSessionId b910eda0-4303-11ec-9b9c-77ac743c6a9c","communication_protocol_version":"1.5.0","com.unity.ml-agents_version":"2.1.0-exp.1","scene_name":"LearningScene4","end_time_seconds":"1636655137"}}