{"count":1,"self":258.80839679999997,"total":5643.9794722999995,"children":{"InitializeActuators":{"count":110,"self":0.0024998,"total":0.0024998,"children":null},"InitializeSensors":{"count":110,"self":0.0039907,"total":0.0039907,"children":null},"AgentSendState":{"count":159484,"self":6.8708512,"total":72.8474797,"children":{"CollectObservations":{"count":3508670,"self":31.6401056,"total":31.640104299999997,"children":null},"WriteActionMask":{"count":3508670,"self":1.2705796999999999,"total":1.2705796999999999,"children":null},"RequestDecision":{"count":3508670,"self":4.4735016,"total":33.0659446,"children":{"AgentInfo.ToProto":{"count":3508670,"self":4.8820191999999993,"total":28.592443199999998,"children":{"GenerateSensorData":{"count":3508670,"self":23.710424,"total":23.710424,"children":null}}}}}}},"DecideAction":{"count":159484,"self":5079.2071168,"total":5079.2072994,"children":null},"AgentAct":{"count":159484,"self":231.0510592,"total":231.0700178,"children":{"AgentInfo.ToProto":{"count":693,"self":0.0039897,"total":0.0189474,"children":{"GenerateSensorData":{"count":693,"self":0.014957699999999999,"total":0.014957699999999999,"children":null}}}}},"AgentInfo.ToProto":{"count":76344,"self":0.4202628,"total":2.0387999999999997,"children":{"GenerateSensorData":{"count":76344,"self":1.6185372,"total":1.6185372,"children":null}}}},"gauges":{"AutoFlight.CumulativeReward":{"count":77037,"max":1117.96863,"min":-2599.38623,"runningAverage":228.148834,"value":343.3709,"weightedAverage":302.705353}},"metadata":{"timer_format_version":"0.1.0","start_time_seconds":"1637068585","unity_version":"2020.3.8f1","command_line_arguments":"C:\\Program Files\\Unity\\Hub\\Editor\\2020.3.8f1\\Editor\\Unity.exe -projectpath C:\/Users\/Lab506\/Desktop\/Graduation_Project\/AutoFlight -useHub -hubIPC -cloudEnvironment production -hubSessionId c78c1a80-46dc-11ec-a725-d7830c6cc632","communication_protocol_version":"1.5.0","com.unity.ml-agents_version":"2.1.0-exp.1","scene_name":"LearningScene6","end_time_seconds":"1637074229"}}