{"count":1,"self":495.10599679999996,"total":4103.1743289999995,"children":{"InitializeActuators":{"count":30,"self":0.0010128,"total":0.0010128,"children":null},"InitializeSensors":{"count":30,"self":0.0030188,"total":0.0030188,"children":null},"AgentSendState":{"count":333567,"self":4.7588127999999994,"total":50.0695148,"children":{"CollectObservations":{"count":2001420,"self":23.2502976,"total":23.2502979,"children":null},"WriteActionMask":{"count":2001420,"self":0.7387619,"total":0.7387619,"children":null},"RequestDecision":{"count":2001420,"self":3.0380488,"total":21.3216421,"children":{"AgentInfo.ToProto":{"count":2001420,"self":3.149796,"total":18.2835933,"children":{"GenerateSensorData":{"count":2001420,"self":15.133796799999999,"total":15.133797399999999,"children":null}}}}}}},"DecideAction":{"count":333567,"self":3538.8432384,"total":3538.8433821,"children":null},"AgentAct":{"count":333567,"self":18.3806032,"total":18.3806034,"children":null},"AgentInfo.ToProto":{"count":28851,"self":0.17798409999999998,"total":0.76981199999999994,"children":{"GenerateSensorData":{"count":28851,"self":0.5918279,"total":0.5918279,"children":null}}}},"gauges":{"AutoFlight.CumulativeReward":{"count":28851,"max":7424.76953,"min":-251.685791,"runningAverage":2429.99829,"value":6431.226,"weightedAverage":4274.706}},"metadata":{"timer_format_version":"0.1.0","start_time_seconds":"1636558713","unity_version":"2020.3.8f1","command_line_arguments":"C:\\Program Files\\Unity\\Hub\\Editor\\2020.3.8f1\\Editor\\Unity.exe -projectpath C:\/Users\/JoSihun\/Desktop\/Graduation_Project\/AutoFlight -useHub -hubIPC -cloudEnvironment production -hubSessionId 0e3edd20-423a-11ec-a2fd-f56573d5614f","communication_protocol_version":"1.5.0","com.unity.ml-agents_version":"2.1.0-exp.1","scene_name":"LearningScene3","end_time_seconds":"1636562816"}}